[{"model": "contenttypes.contenttype", "pk": 1, "fields": {"model": "logentry", "app_label": "admin"}}, {"model": "contenttypes.contenttype", "pk": 2, "fields": {"model": "permission", "app_label": "auth"}}, {"model": "contenttypes.contenttype", "pk": 3, "fields": {"model": "group", "app_label": "auth"}}, {"model": "contenttypes.contenttype", "pk": 4, "fields": {"model": "user", "app_label": "auth"}}, {"model": "contenttypes.contenttype", "pk": 5, "fields": {"model": "contenttype", "app_label": "contenttypes"}}, {"model": "contenttypes.contenttype", "pk": 6, "fields": {"model": "session", "app_label": "sessions"}}, {"model": "contenttypes.contenttype", "pk": 7, "fields": {"model": "user", "app_label": "main"}}, {"model": "contenttypes.contenttype", "pk": 8, "fields": {"model": "category", "app_label": "main"}}, {"model": "contenttypes.contenttype", "pk": 9, "fields": {"model": "event", "app_label": "main"}}, {"model": "contenttypes.contenttype", "pk": 10, "fields": {"model": "comment", "app_label": "main"}}, {"model": "contenttypes.contenttype", "pk": 11, "fields": {"model": "vote", "app_label": "main"}}, {"model": "contenttypes.contenttype", "pk": 12, "fields": {"model": "report", "app_label": "main"}}, {"model": "sessions.session", "pk": "0ids9iwk986wmxfltbciw5pkyyjxghgp", "fields": {"expire_date": "2015-07-23T15:06:18.878Z", "session_data": "MGY5MTU0OWFkYzhjM2U5NWMyNGM3ZDdmZDZkNThjMTkwM2JkNDBhMTp7InR5cGUiOiJVc3VhcmlvIiwidXNlcm5hbWUiOiJqYXZpZXJsb3BtIn0="}}, {"model": "sessions.session", "pk": "0r8wqt66cuu1ca1ono26fpgd7ivl973m", "fields": {"expire_date": "2015-07-23T19:58:20.860Z", "session_data": "ZmQ0ZWIyOTJhZDZmYmZlMGVmODY0MjM4NzQxNzY0ZDNlMjEyNmY0Mzp7Il9hdXRoX3VzZXJfYmFja2VuZCI6ImRqYW5nby5jb250cmliLmF1dGguYmFja2VuZHMuTW9kZWxCYWNrZW5kIiwiX2F1dGhfdXNlcl9pZCI6IjEiLCJfYXV0aF91c2VyX2hhc2giOiIzNWM3YWIwNjc1NGRiZGIxMDZkZjVmODMxMjdjMjlkOGMzMjdmYTJhIn0="}}, {"model": "sessions.session", "pk": "1vwavwzovis3dallfgwj18bqvlvnfqqf", "fields": {"expire_date": "2015-07-21T16:43:28.024Z", "session_data": "MGY5MTU0OWFkYzhjM2U5NWMyNGM3ZDdmZDZkNThjMTkwM2JkNDBhMTp7InR5cGUiOiJVc3VhcmlvIiwidXNlcm5hbWUiOiJqYXZpZXJsb3BtIn0="}}, {"model": "sessions.session", "pk": "2be826z880scd2k9e7by9fz5a7ntcdd6", "fields": {"expire_date": "2015-07-23T19:46:11.069Z", "session_data": "ZTRkMTkwM2ZlMmY3NWNmOTNhNDRlZmIyNjBiZjc1MGQ2ZDM0YTJlNDp7fQ=="}}, {"model": "sessions.session", "pk": "49ipkc0v39ozqdqd86stmntqshs7vxfi", "fields": {"expire_date": "2015-07-24T03:36:38.926Z", "session_data": "NmFjN2Y3YTJhMTFmNjM4NTIzZTNhZTIwZGYwNjkyZmIxMThmOTUwYjp7Il9hdXRoX3VzZXJfaGFzaCI6IjM1YzdhYjA2NzU0ZGJkYjEwNmRmNWY4MzEyN2MyOWQ4YzMyN2ZhMmEiLCJ1c2VybmFtZSI6InJhbW9ubSIsIl9hdXRoX3VzZXJfYmFja2VuZCI6ImRqYW5nby5jb250cmliLmF1dGguYmFja2VuZHMuTW9kZWxCYWNrZW5kIiwidHlwZSI6IkFsY2FsZFx1MDBlZGEiLCJfYXV0aF91c2VyX2lkIjoiMSJ9"}}, {"model": "sessions.session", "pk": "5lj5hz330jtgj1976l0f03rd5b0nimia", "fields": {"expire_date": "2015-07-24T22:07:24.454Z", "session_data": "NzIwMDA0ODc5NzJjMTlhYjBkODhmMGYzOGU2NWJhZjliNjk3OGIyMzp7Il9hdXRoX3VzZXJfaGFzaCI6IjM1YzdhYjA2NzU0ZGJkYjEwNmRmNWY4MzEyN2MyOWQ4YzMyN2ZhMmEiLCJfYXV0aF91c2VyX2lkIjoiMSIsIl9hdXRoX3VzZXJfYmFja2VuZCI6ImRqYW5nby5jb250cmliLmF1dGguYmFja2VuZHMuTW9kZWxCYWNrZW5kIiwidXNlcm5hbWUiOiJyYW1vbm0iLCJ0eXBlIjoiQWxjYWxkXHUwMGVkYSJ9"}}, {"model": "sessions.session", "pk": "b7s37f8e83diigye0qfgd0zi2ejddlat", "fields": {"expire_date": "2015-07-21T16:11:01.784Z", "session_data": "MGY5MTU0OWFkYzhjM2U5NWMyNGM3ZDdmZDZkNThjMTkwM2JkNDBhMTp7InR5cGUiOiJVc3VhcmlvIiwidXNlcm5hbWUiOiJqYXZpZXJsb3BtIn0="}}, {"model": "sessions.session", "pk": "boyzcfplxwq42w5pu7ge4cbrfhhy6f9a", "fields": {"expire_date": "2015-07-23T17:40:31.562Z", "session_data": "MmQ2MGZiNTc4YmE0NzA1YzU2YjA0ODE0M2JiNjhlNjc1YTA5ZWJjYTp7Il9hdXRoX3VzZXJfaWQiOiIxIiwiX2F1dGhfdXNlcl9oYXNoIjoiMzVjN2FiMDY3NTRkYmRiMTA2ZGY1ZjgzMTI3YzI5ZDhjMzI3ZmEyYSIsIl9hdXRoX3VzZXJfYmFja2VuZCI6ImRqYW5nby5jb250cmliLmF1dGguYmFja2VuZHMuTW9kZWxCYWNrZW5kIn0="}}, {"model": "sessions.session", "pk": "cvl2yyfkemphcxi6v8efob89n46dfp64", "fields": {"expire_date": "2015-07-23T15:21:11.312Z", "session_data": "MzU5M2ZiNzM1MGI0ODYwNzNkMjNjZjA1Y2M0ZjIyYTRmN2VhZmJmNjp7InVzZXJuYW1lIjoiamF2aWVybG9wbSIsInR5cGUiOiJVc3VhcmlvIn0="}}, {"model": "sessions.session", "pk": "dv4x6xkobi1337mhtxcswr4ev5dxk4tx", "fields": {"expire_date": "2015-07-23T17:08:33.080Z", "session_data": "MDg1ZjQwOTcxNDk4MzNjYjZlMWEyMzVkNjA3ODdmZTM4ODk2ODE2Yjp7Il9hdXRoX3VzZXJfYmFja2VuZCI6ImRqYW5nby5jb250cmliLmF1dGguYmFja2VuZHMuTW9kZWxCYWNrZW5kIiwidHlwZSI6IlVzdWFyaW8iLCJ1c2VybmFtZSI6ImphdmllcmxvcG0iLCJfYXV0aF91c2VyX2lkIjoiMSIsIl9hdXRoX3VzZXJfaGFzaCI6IjM1YzdhYjA2NzU0ZGJkYjEwNmRmNWY4MzEyN2MyOWQ4YzMyN2ZhMmEifQ=="}}, {"model": "sessions.session", "pk": "i12jhej3u1eglelkqsue4xa14siah4ce", "fields": {"expire_date": "2015-07-22T00:48:34.229Z", "session_data": "MGY5MTU0OWFkYzhjM2U5NWMyNGM3ZDdmZDZkNThjMTkwM2JkNDBhMTp7InR5cGUiOiJVc3VhcmlvIiwidXNlcm5hbWUiOiJqYXZpZXJsb3BtIn0="}}, {"model": "sessions.session", "pk": "m9bnnaik5rq908wf4oyzl5h1h17nf0t3", "fields": {"expire_date": "2015-07-24T23:08:11.916Z", "session_data": "YzA1MmZkNDhmZmRhMGNhNTE4OWRlMmRiODZhOWEwNjM0YmJlOTE5ZTp7InVzZXJuYW1lIjoicmFtb25tIiwidHlwZSI6IkFsY2FsZFx1MDBlZGEifQ=="}}, {"model": "sessions.session", "pk": "mp09iz9e507pr9q6xcxj0n07c28grlxi", "fields": {"expire_date": "2015-07-23T14:58:58.391Z", "session_data": "MGY5MTU0OWFkYzhjM2U5NWMyNGM3ZDdmZDZkNThjMTkwM2JkNDBhMTp7InR5cGUiOiJVc3VhcmlvIiwidXNlcm5hbWUiOiJqYXZpZXJsb3BtIn0="}}, {"model": "sessions.session", "pk": "n03ra4adi9eefymiuj2o02rninqedtu8", "fields": {"expire_date": "2015-07-22T00:30:09.972Z", "session_data": "YWEwZDZlOTNiYzNjYTI5MWMzZGVjYTMyYmRkNzBkNzEyOTc3NDU4MTp7Il9hdXRoX3VzZXJfaGFzaCI6IjM1YzdhYjA2NzU0ZGJkYjEwNmRmNWY4MzEyN2MyOWQ4YzMyN2ZhMmEiLCJfYXV0aF91c2VyX2lkIjoiMSIsInR5cGUiOiJVc3VhcmlvIiwidXNlcm5hbWUiOiJqYXZpZXJsb3BtIiwiX2F1dGhfdXNlcl9iYWNrZW5kIjoiZGphbmdvLmNvbnRyaWIuYXV0aC5iYWNrZW5kcy5Nb2RlbEJhY2tlbmQifQ=="}}, {"model": "sessions.session", "pk": "o76437awdezibtjbkn8j5k48iaepfjfm", "fields": {"expire_date": "2015-07-22T05:42:19.597Z", "session_data": "MGY5MTU0OWFkYzhjM2U5NWMyNGM3ZDdmZDZkNThjMTkwM2JkNDBhMTp7InR5cGUiOiJVc3VhcmlvIiwidXNlcm5hbWUiOiJqYXZpZXJsb3BtIn0="}}, {"model": "sessions.session", "pk": "oe3kcjyfpr975mcnug74wwijdzve4dpc", "fields": {"expire_date": "2015-07-23T06:00:32.829Z", "session_data": "MGY5MTU0OWFkYzhjM2U5NWMyNGM3ZDdmZDZkNThjMTkwM2JkNDBhMTp7InR5cGUiOiJVc3VhcmlvIiwidXNlcm5hbWUiOiJqYXZpZXJsb3BtIn0="}}, {"model": "sessions.session", "pk": "sfuzg58vn7aiiihutw4jvuvxjsgz4z28", "fields": {"expire_date": "2015-07-21T04:29:33.727Z", "session_data": "MmQ2MGZiNTc4YmE0NzA1YzU2YjA0ODE0M2JiNjhlNjc1YTA5ZWJjYTp7Il9hdXRoX3VzZXJfaWQiOiIxIiwiX2F1dGhfdXNlcl9oYXNoIjoiMzVjN2FiMDY3NTRkYmRiMTA2ZGY1ZjgzMTI3YzI5ZDhjMzI3ZmEyYSIsIl9hdXRoX3VzZXJfYmFja2VuZCI6ImRqYW5nby5jb250cmliLmF1dGguYmFja2VuZHMuTW9kZWxCYWNrZW5kIn0="}}, {"model": "sessions.session", "pk": "xe9yxtibi6e9e2y25vqjvfqi0nvdqfyb", "fields": {"expire_date": "2015-07-21T16:05:05.787Z", "session_data": "MzU5M2ZiNzM1MGI0ODYwNzNkMjNjZjA1Y2M0ZjIyYTRmN2VhZmJmNjp7InVzZXJuYW1lIjoiamF2aWVybG9wbSIsInR5cGUiOiJVc3VhcmlvIn0="}}, {"model": "sessions.session", "pk": "z98gngydge85wuyofmimgip9bo42az4n", "fields": {"expire_date": "2015-07-21T17:16:15.211Z", "session_data": "MzU5M2ZiNzM1MGI0ODYwNzNkMjNjZjA1Y2M0ZjIyYTRmN2VhZmJmNjp7InVzZXJuYW1lIjoiamF2aWVybG9wbSIsInR5cGUiOiJVc3VhcmlvIn0="}}, {"model": "main.user", "pk": "javierlopm", "fields": {"email": "javier@hotmail.com", "userType": "Usuario", "fullname": "Javier", "added": "2015-07-07", "password": "123456"}}, {"model": "main.user", "pk": "Pepe", "fields": {"email": "blah@hotmail.com", "userType": "Usuario", "fullname": "peres", "added": "2015-07-09", "password": "asdf"}}, {"model": "main.user", "pk": "ramonm", "fields": {"email": "rmuchacho@chacao.org", "userType": "Alcald\u00eda", "fullname": "Ram\u00f3n Muchacho", "added": "2015-07-09", "password": "123456"}}, {"model": "main.category", "pk": 1, "fields": {"eventType": "ZP", "categoryName": "SE"}}, {"model": "main.category", "pk": 2, "fields": {"eventType": "DEL", "categoryName": "SE"}}, {"model": "main.category", "pk": 3, "fields": {"eventType": "AS", "categoryName": "SE"}}, {"model": "main.category", "pk": 4, "fields": {"eventType": "AC", "categoryName": "VI"}}, {"model": "main.category", "pk": 5, "fields": {"eventType": "EM", "categoryName": "VI"}}, {"model": "main.category", "pk": 7, "fields": {"eventType": "PV", "categoryName": "VI"}}, {"model": "main.category", "pk": 8, "fields": {"eventType": "PR", "categoryName": "VI"}}, {"model": "main.category", "pk": 9, "fields": {"eventType": "AM", "categoryName": "DS"}}, {"model": "main.category", "pk": 10, "fields": {"eventType": "SA", "categoryName": "DS"}}, {"model": "main.category", "pk": 11, "fields": {"eventType": "SE", "categoryName": "DS"}}, {"model": "main.category", "pk": 12, "fields": {"eventType": "RRS", "categoryName": "DS"}}, {"model": "main.category", "pk": 13, "fields": {"eventType": "MA", "categoryName": "DE"}}, {"model": "main.category", "pk": 14, "fields": {"eventType": "ED", "categoryName": "DE"}}, {"model": "main.category", "pk": 15, "fields": {"eventType": "BA", "categoryName": "DE"}}, {"model": "main.category", "pk": 16, "fields": {"eventType": "YO", "categoryName": "DE"}}, {"model": "main.category", "pk": 17, "fields": {"eventType": "CD", "categoryName": "DE"}}, {"model": "main.category", "pk": 18, "fields": {"eventType": "CO", "categoryName": "CU"}}, {"model": "main.category", "pk": 19, "fields": {"eventType": "FE", "categoryName": "CU"}}, {"model": "main.category", "pk": 20, "fields": {"eventType": "OT", "categoryName": "CU"}}, {"model": "main.category", "pk": 21, "fields": {"eventType": "EA", "categoryName": "CU"}}, {"model": "main.category", "pk": 22, "fields": {"eventType": "JD", "categoryName": "PR"}}, {"model": "main.category", "pk": 23, "fields": {"eventType": "VPE", "categoryName": "PR"}}, {"model": "main.category", "pk": 24, "fields": {"eventType": "JE", "categoryName": "PR"}}, {"model": "main.category", "pk": 26, "fields": {"eventType": "DES", "categoryName": "PR"}}, {"model": "main.category", "pk": 27, "fields": {"eventType": "DS", "categoryName": "SP"}}, {"model": "main.category", "pk": 28, "fields": {"eventType": "SM", "categoryName": "SP"}}, {"model": "main.category", "pk": 29, "fields": {"eventType": "JV", "categoryName": "SP"}}, {"model": "main.category", "pk": 30, "fields": {"eventType": "CA", "categoryName": "DM"}}, {"model": "main.category", "pk": 31, "fields": {"eventType": "AC", "categoryName": "DM"}}, {"model": "main.category", "pk": 32, "fields": {"eventType": "PC", "categoryName": "DM"}}, {"model": "main.category", "pk": 33, "fields": {"eventType": "TE", "categoryName": "DM"}}, {"model": "main.event", "pk": 1, "fields": {"description": "sdfsdfsfs", "user": "javierlopm", "seen": true, "end": "2015-07-09T00:00:00Z", "added": "2015-07-08T00:35:53.904Z", "vip": false, "start": "2015-07-08T00:00:00Z", "evenType": "BA", "xPosition": 0.00015484, "name": "sdfsdfs", "yPosition": 0.00015484}}, {"model": "main.event", "pk": 2, "fields": {"description": "De vacaciones", "user": "javierlopm", "seen": true, "end": "2015-07-10T00:00:00Z", "added": "2015-07-09T06:01:05.779Z", "vip": false, "start": "2015-07-08T00:00:00Z", "evenType": "OT", "xPosition": 10.5048595600446, "name": "Pepito y pepita", "yPosition": -426.851806640625}}, {"model": "main.event", "pk": 3, "fields": {"description": "En la cota 905 D:", "user": "javierlopm", "seen": true, "end": "2015-07-11T00:00:00Z", "added": "2015-07-09T20:21:25.575Z", "vip": false, "start": "2015-07-09T00:00:00Z", "evenType": "ZP", "xPosition": 10.512370367305, "name": "Plomo parejo", "yPosition": -426.848030090332}}, {"model": "main.comment", "pk": 1, "fields": {"description": "Primer comentario que funciona!!!!! YAY", "added": "2015-07-09T17:39:23.767Z", "event": 2, "user": "javierlopm"}}, {"model": "main.comment", "pk": 2, "fields": {"description": "De pana que si!", "added": "2015-07-09T17:41:07.215Z", "event": 2, "user": "javierlopm"}}, {"model": "main.comment", "pk": 3, "fields": {"description": "Marico el que no lo lea", "added": "2015-07-09T18:01:27.224Z", "event": 2, "user": "javierlopm"}}, {"model": "main.comment", "pk": 4, "fields": {"description": "sfsdfsfdsffs", "added": "2015-07-09T19:27:18.387Z", "event": 2, "user": "javierlopm"}}, {"model": "main.comment", "pk": 5, "fields": {"description": "Hay que agacharse para evitar los tiros D:", "added": "2015-07-09T21:53:59.651Z", "event": 3, "user": "javierlopm"}}, {"model": "main.comment", "pk": 6, "fields": {"description": "sdfsdf", "added": "2015-07-10T02:49:06.228Z", "event": 2, "user": "javierlopm"}}, {"model": "main.comment", "pk": 7, "fields": {"description": "No se preocupen amigos, ya les mando la tanqueta", "added": "2015-07-10T05:00:13.313Z", "event": 3, "user": "ramonm"}}, {"model": "main.comment", "pk": 8, "fields": {"description": "No es bueno andar solo por esta zona", "added": "2015-07-10T17:17:57.440Z", "event": 3, "user": "javierlopm"}}, {"model": "main.vote", "pk": 1, "fields": {"isUsefull": true, "event": 3, "user": "javierlopm"}}, {"model": "main.vote", "pk": 2, "fields": {"isUsefull": true, "event": 2, "user": "javierlopm"}}, {"model": "main.vote", "pk": 3, "fields": {"isUsefull": false, "event": 3, "user": "ramonm"}}, {"model": "main.report", "pk": 1, "fields": {"event": 1, "user": "javierlopm"}}, {"model": "main.report", "pk": 2, "fields": {"event": 1, "user": "ramonm"}}, {"model": "main.report", "pk": 3, "fields": {"event": 1, "user": "Pepe"}}, {"model": "main.report", "pk": 4, "fields": {"event": 2, "user": "javierlopm"}}, {"model": "main.report", "pk": 5, "fields": {"event": 3, "user": "javierlopm"}}, {"model": "auth.permission", "pk": 1, "fields": {"codename": "add_logentry", "name": "Can add log entry", "content_type": 1}}, {"model": "auth.permission", "pk": 2, "fields": {"codename": "change_logentry", "name": "Can change log entry", "content_type": 1}}, {"model": "auth.permission", "pk": 3, "fields": {"codename": "delete_logentry", "name": "Can delete log entry", "content_type": 1}}, {"model": "auth.permission", "pk": 4, "fields": {"codename": "add_permission", "name": "Can add permission", "content_type": 2}}, {"model": "auth.permission", "pk": 5, "fields": {"codename": "change_permission", "name": "Can change permission", "content_type": 2}}, {"model": "auth.permission", "pk": 6, "fields": {"codename": "delete_permission", "name": "Can delete permission", "content_type": 2}}, {"model": "auth.permission", "pk": 7, "fields": {"codename": "add_group", "name": "Can add group", "content_type": 3}}, {"model": "auth.permission", "pk": 8, "fields": {"codename": "change_group", "name": "Can change group", "content_type": 3}}, {"model": "auth.permission", "pk": 9, "fields": {"codename": "delete_group", "name": "Can delete group", "content_type": 3}}, {"model": "auth.permission", "pk": 10, "fields": {"codename": "add_user", "name": "Can add user", "content_type": 4}}, {"model": "auth.permission", "pk": 11, "fields": {"codename": "change_user", "name": "Can change user", "content_type": 4}}, {"model": "auth.permission", "pk": 12, "fields": {"codename": "delete_user", "name": "Can delete user", "content_type": 4}}, {"model": "auth.permission", "pk": 13, "fields": {"codename": "add_contenttype", "name": "Can add content type", "content_type": 5}}, {"model": "auth.permission", "pk": 14, "fields": {"codename": "change_contenttype", "name": "Can change content type", "content_type": 5}}, {"model": "auth.permission", "pk": 15, "fields": {"codename": "delete_contenttype", "name": "Can delete content type", "content_type": 5}}, {"model": "auth.permission", "pk": 16, "fields": {"codename": "add_session", "name": "Can add session", "content_type": 6}}, {"model": "auth.permission", "pk": 17, "fields": {"codename": "change_session", "name": "Can change session", "content_type": 6}}, {"model": "auth.permission", "pk": 18, "fields": {"codename": "delete_session", "name": "Can delete session", "content_type": 6}}, {"model": "auth.permission", "pk": 19, "fields": {"codename": "add_user", "name": "Can add user", "content_type": 7}}, {"model": "auth.permission", "pk": 20, "fields": {"codename": "change_user", "name": "Can change user", "content_type": 7}}, {"model": "auth.permission", "pk": 21, "fields": {"codename": "delete_user", "name": "Can delete user", "content_type": 7}}, {"model": "auth.permission", "pk": 22, "fields": {"codename": "add_category", "name": "Can add category", "content_type": 8}}, {"model": "auth.permission", "pk": 23, "fields": {"codename": "change_category", "name": "Can change category", "content_type": 8}}, {"model": "auth.permission", "pk": 24, "fields": {"codename": "delete_category", "name": "Can delete category", "content_type": 8}}, {"model": "auth.permission", "pk": 25, "fields": {"codename": "add_event", "name": "Can add event", "content_type": 9}}, {"model": "auth.permission", "pk": 26, "fields": {"codename": "change_event", "name": "Can change event", "content_type": 9}}, {"model": "auth.permission", "pk": 27, "fields": {"codename": "delete_event", "name": "Can delete event", "content_type": 9}}, {"model": "auth.permission", "pk": 28, "fields": {"codename": "add_comment", "name": "Can add comment", "content_type": 10}}, {"model": "auth.permission", "pk": 29, "fields": {"codename": "change_comment", "name": "Can change comment", "content_type": 10}}, {"model": "auth.permission", "pk": 30, "fields": {"codename": "delete_comment", "name": "Can delete comment", "content_type": 10}}, {"model": "auth.permission", "pk": 31, "fields": {"codename": "add_vote", "name": "Can add vote", "content_type": 11}}, {"model": "auth.permission", "pk": 32, "fields": {"codename": "change_vote", "name": "Can change vote", "content_type": 11}}, {"model": "auth.permission", "pk": 33, "fields": {"codename": "delete_vote", "name": "Can delete vote", "content_type": 11}}, {"model": "auth.permission", "pk": 34, "fields": {"codename": "add_report", "name": "Can add report", "content_type": 12}}, {"model": "auth.permission", "pk": 35, "fields": {"codename": "change_report", "name": "Can change report", "content_type": 12}}, {"model": "auth.permission", "pk": 36, "fields": {"codename": "delete_report", "name": "Can delete report", "content_type": 12}}, {"model": "auth.user", "pk": 1, "fields": {"password": "pbkdf2_sha256$20000$fnQhWBTdbT2Y$dZHPo3qnGHvhMKCY7lHIFJ6gkqJEI0N+6mpxFxIdqkg=", "last_login": "2015-07-10T22:07:24.443Z", "first_name": "", "is_superuser": true, "date_joined": "2015-07-07T04:29:18.236Z", "user_permissions": [], "groups": [], "username": "javierlopm", "is_active": true, "is_staff": true, "email": "s@we.com", "last_name": ""}}, {"model": "admin.logentry", "pk": 1, "fields": {"object_id": "1", "action_time": "2015-07-07T04:29:57.859Z", "content_type": 8, "action_flag": 1, "change_message": "", "object_repr": "Category object", "user": 1}}, {"model": "admin.logentry", "pk": 2, "fields": {"object_id": "2", "action_time": "2015-07-07T04:30:04.508Z", "content_type": 8, "action_flag": 1, "change_message": "", "object_repr": "Category object", "user": 1}}, {"model": "admin.logentry", "pk": 3, "fields": {"object_id": "3", "action_time": "2015-07-07T04:30:09.718Z", "content_type": 8, "action_flag": 1, "change_message": "", "object_repr": "Category object", "user": 1}}, {"model": "admin.logentry", "pk": 4, "fields": {"object_id": "4", "action_time": "2015-07-07T04:30:16.666Z", "content_type": 8, "action_flag": 1, "change_message": "", "object_repr": "Category object", "user": 1}}, {"model": "admin.logentry", "pk": 5, "fields": {"object_id": "5", "action_time": "2015-07-07T04:30:25.356Z", "content_type": 8, "action_flag": 1, "change_message": "", "object_repr": "Category object", "user": 1}}, {"model": "admin.logentry", "pk": 6, "fields": {"object_id": "6", "action_time": "2015-07-07T04:30:30.219Z", "content_type": 8, "action_flag": 1, "change_message": "", "object_repr": "Category object", "user": 1}}, {"model": "admin.logentry", "pk": 7, "fields": {"object_id": "7", "action_time": "2015-07-07T04:30:38.634Z", "content_type": 8, "action_flag": 1, "change_message": "", "object_repr": "Category object", "user": 1}}, {"model": "admin.logentry", "pk": 8, "fields": {"object_id": "8", "action_time": "2015-07-07T04:30:56.363Z", "content_type": 8, "action_flag": 1, "change_message": "", "object_repr": "Category object", "user": 1}}, {"model": "admin.logentry", "pk": 9, "fields": {"object_id": "9", "action_time": "2015-07-07T04:31:05.618Z", "content_type": 8, "action_flag": 1, "change_message": "", "object_repr": "Category object", "user": 1}}, {"model": "admin.logentry", "pk": 10, "fields": {"object_id": "10", "action_time": "2015-07-07T04:31:57.019Z", "content_type": 8, "action_flag": 1, "change_message": "", "object_repr": "Category object", "user": 1}}, {"model": "admin.logentry", "pk": 11, "fields": {"object_id": "11", "action_time": "2015-07-07T04:32:52.705Z", "content_type": 8, "action_flag": 1, "change_message": "", "object_repr": "Category object", "user": 1}}, {"model": "admin.logentry", "pk": 12, "fields": {"object_id": "12", "action_time": "2015-07-07T04:33:00.820Z", "content_type": 8, "action_flag": 1, "change_message": "", "object_repr": "Category object", "user": 1}}, {"model": "admin.logentry", "pk": 13, "fields": {"object_id": "13", "action_time": "2015-07-07T04:33:10.448Z", "content_type": 8, "action_flag": 1, "change_message": "", "object_repr": "Category object", "user": 1}}, {"model": "admin.logentry", "pk": 14, "fields": {"object_id": "14", "action_time": "2015-07-07T04:33:16.078Z", "content_type": 8, "action_flag": 1, "change_message": "", "object_repr": "Category object", "user": 1}}, {"model": "admin.logentry", "pk": 15, "fields": {"object_id": "15", "action_time": "2015-07-07T04:33:21.958Z", "content_type": 8, "action_flag": 1, "change_message": "", "object_repr": "Category object", "user": 1}}, {"model": "admin.logentry", "pk": 16, "fields": {"object_id": "16", "action_time": "2015-07-07T04:33:28.080Z", "content_type": 8, "action_flag": 1, "change_message": "", "object_repr": "Category object", "user": 1}}, {"model": "admin.logentry", "pk": 17, "fields": {"object_id": "17", "action_time": "2015-07-07T04:33:33.011Z", "content_type": 8, "action_flag": 1, "change_message": "", "object_repr": "Category object", "user": 1}}, {"model": "admin.logentry", "pk": 18, "fields": {"object_id": "18", "action_time": "2015-07-07T04:33:41.099Z", "content_type": 8, "action_flag": 1, "change_message": "", "object_repr": "Category object", "user": 1}}, {"model": "admin.logentry", "pk": 19, "fields": {"object_id": "19", "action_time": "2015-07-07T04:33:45.880Z", "content_type": 8, "action_flag": 1, "change_message": "", "object_repr": "Category object", "user": 1}}, {"model": "admin.logentry", "pk": 20, "fields": {"object_id": "20", "action_time": "2015-07-07T04:33:52.888Z", "content_type": 8, "action_flag": 1, "change_message": "", "object_repr": "Category object", "user": 1}}, {"model": "admin.logentry", "pk": 21, "fields": {"object_id": "21", "action_time": "2015-07-07T04:34:00.858Z", "content_type": 8, "action_flag": 1, "change_message": "", "object_repr": "Category object", "user": 1}}, {"model": "admin.logentry", "pk": 22, "fields": {"object_id": "22", "action_time": "2015-07-07T04:34:08.162Z", "content_type": 8, "action_flag": 1, "change_message": "", "object_repr": "Category object", "user": 1}}, {"model": "admin.logentry", "pk": 23, "fields": {"object_id": "23", "action_time": "2015-07-07T04:34:44.117Z", "content_type": 8, "action_flag": 1, "change_message": "", "object_repr": "Category object", "user": 1}}, {"model": "admin.logentry", "pk": 24, "fields": {"object_id": "24", "action_time": "2015-07-07T04:34:54.245Z", "content_type": 8, "action_flag": 1, "change_message": "", "object_repr": "Category object", "user": 1}}, {"model": "admin.logentry", "pk": 25, "fields": {"object_id": "25", "action_time": "2015-07-07T04:35:06.916Z", "content_type": 8, "action_flag": 1, "change_message": "", "object_repr": "Category object", "user": 1}}, {"model": "admin.logentry", "pk": 26, "fields": {"object_id": "25", "action_time": "2015-07-07T04:36:04.022Z", "content_type": 8, "action_flag": 3, "change_message": "", "object_repr": "Category object", "user": 1}}, {"model": "admin.logentry", "pk": 27, "fields": {"object_id": "6", "action_time": "2015-07-07T04:36:36.622Z", "content_type": 8, "action_flag": 3, "change_message": "", "object_repr": "Category object", "user": 1}}, {"model": "admin.logentry", "pk": 28, "fields": {"object_id": "26", "action_time": "2015-07-07T04:37:15.986Z", "content_type": 8, "action_flag": 1, "change_message": "", "object_repr": "Category object", "user": 1}}, {"model": "admin.logentry", "pk": 29, "fields": {"object_id": "27", "action_time": "2015-07-07T04:37:38.539Z", "content_type": 8, "action_flag": 1, "change_message": "", "object_repr": "Category object", "user": 1}}, {"model": "admin.logentry", "pk": 30, "fields": {"object_id": "28", "action_time": "2015-07-07T04:37:47.502Z", "content_type": 8, "action_flag": 1, "change_message": "", "object_repr": "Category object", "user": 1}}, {"model": "admin.logentry", "pk": 31, "fields": {"object_id": "29", "action_time": "2015-07-07T04:37:57.374Z", "content_type": 8, "action_flag": 1, "change_message": "", "object_repr": "Category object", "user": 1}}, {"model": "admin.logentry", "pk": 32, "fields": {"object_id": "30", "action_time": "2015-07-07T04:38:32.566Z", "content_type": 8, "action_flag": 1, "change_message": "", "object_repr": "Category object", "user": 1}}, {"model": "admin.logentry", "pk": 33, "fields": {"object_id": "31", "action_time": "2015-07-07T04:38:45.048Z", "content_type": 8, "action_flag": 1, "change_message": "", "object_repr": "Category object", "user": 1}}, {"model": "admin.logentry", "pk": 34, "fields": {"object_id": "32", "action_time": "2015-07-07T04:39:09.491Z", "content_type": 8, "action_flag": 1, "change_message": "", "object_repr": "Category object", "user": 1}}, {"model": "admin.logentry", "pk": 35, "fields": {"object_id": "33", "action_time": "2015-07-07T04:39:20.420Z", "content_type": 8, "action_flag": 1, "change_message": "", "object_repr": "Category object", "user": 1}}, {"model": "admin.logentry", "pk": 36, "fields": {"object_id": "ramonm", "action_time": "2015-07-09T18:51:16.686Z", "content_type": 7, "action_flag": 1, "change_message": "", "object_repr": "ramonm Ram\u00f3n Muchacho", "user": 1}}, {"model": "admin.logentry", "pk": 37, "fields": {"object_id": "1", "action_time": "2015-07-09T21:28:57.620Z", "content_type": 11, "action_flag": 1, "change_message": "", "object_repr": "Vote object", "user": 1}}, {"model": "admin.logentry", "pk": 38, "fields": {"object_id": "1", "action_time": "2015-07-10T01:24:23.643Z", "content_type": 12, "action_flag": 1, "change_message": "", "object_repr": "Report object", "user": 1}}, {"model": "admin.logentry", "pk": 39, "fields": {"object_id": "2", "action_time": "2015-07-10T01:24:32.796Z", "content_type": 12, "action_flag": 1, "change_message": "", "object_repr": "Report object", "user": 1}}, {"model": "admin.logentry", "pk": 40, "fields": {"object_id": "3", "action_time": "2015-07-10T01:24:38.543Z", "content_type": 12, "action_flag": 1, "change_message": "", "object_repr": "Report object", "user": 1}}, {"model": "admin.logentry", "pk": 41, "fields": {"object_id": "4", "action_time": "2015-07-10T01:25:01.588Z", "content_type": 12, "action_flag": 1, "change_message": "", "object_repr": "Report object", "user": 1}}, {"model": "admin.logentry", "pk": 42, "fields": {"object_id": "3", "action_time": "2015-07-10T22:07:50.911Z", "content_type": 11, "action_flag": 1, "change_message": "", "object_repr": "Vote object", "user": 1}}]